<?xml version="1.0" encoding="utf-8"?>
<extension version="3.8" type="template" client="site" method="upgrade">
    <name>startuplanding</name>
    <creationDate>Jan 2020</creationDate>
    <author>JoomShaper.com</author>
    <authorEmail>support@joomshaper.com</authorEmail>
    <authorUrl>http://www.joomshaper.com</authorUrl>
    <copyright>Copyright (C) 2010 - 2025 JoomShaper.com. All rights reserved.</copyright>
    <license>http://www.gnu.org/licenses/gpl-2.0.html GPLv2 or later</license>
    <version>2.0.2</version>
    <description>Startup Landing - Joomla Landing Page Template for Startups And Agencies</description>

    <updateservers>
        <server type="extension" priority="1" name="startuplanding">https://www.joomshaper.com/updates/shaper-startuplanding.xml</server>
    </updateservers>

    <languages>
        <language tag="en-GB">en-GB.tpl_startuplanding.ini</language>
    </languages>

    <positions>
        <position>title</position>
        <position>top1</position>
        <position>top2</position>
        <position>top3</position>
        <position>logo</position>
        <position>menu</position>
        <position>search</position>
        <position>slide</position>
        <position>user1</position>
        <position>user2</position>
        <position>user3</position>
        <position>user4</position>
        <position>left</position>
        <position>right</position>
        <position>feature</position>
        <position>slider</position>
        <position>position1</position>
        <position>position2</position>
        <position>position3</position>
        <position>position4</position>
        <position>position5</position>
        <position>position6</position>
        <position>position7</position>
        <position>position8</position>
        <position>content-top</position>
        <position>content-bottom</position>
        <position>bottom1</position>
        <position>bottom2</position>
        <position>bottom3</position>
        <position>bottom4</position>
        <position>breadcrumb</position>
        <position>bloglist-topright-mod</position>
        <position>bloglist-middle-mod</position>
        <position>bloglist-bottomright-mod</position>
        <position>bloglist-bottom-mod</position>
        <position>blogdetails-right-mod</position>
        <position>footer1</position>
        <position>footer2</position>
        <position>footer3</position>
        <position>comingsoon</position>
        <position>offcanvas</position>
        <position>pagebuilder</position>
        <position>404</position>
        <position>debug</position>
    </positions>

    <files>
        <file>index.php</file>
        <file>template_preview.png</file>
        <file>template_thumbnail.png</file>
        <file>options.xml</file>
        <file>options.json</file>
        <file>templateDetails.xml</file>
        <file>offline.php</file>
        <file>helper.php</file>
        <file>component.php</file>
        <file>comingsoon.php</file>
        <file>error.php</file>
        <folder>css/</folder>
        <folder>features/</folder>
        <folder>headers/</folder>
        <folder>fonts/</folder>
        <folder>html/</folder>
        <folder>images/</folder>
        <folder>js/</folder>
        <folder>scss/</folder>
    </files>
    <config>
        <fieldset name="basic" addfieldpath="/plugins/system/helixultimate/fields">
            <field name="helixdetails" type="helixdetails" />
        </fieldset>
    </config>
</extension>
